INSERT INTO "sys_prog_category"(sys_prog_category_id,category_name,date_created,date_updated) VALUES('A','見積処理',current_timestamp,current_timestamp);
INSERT INTO "sys_prog_category"(sys_prog_category_id,category_name,date_created,date_updated) VALUES('B','売上日次',current_timestamp,current_timestamp);
INSERT INTO "sys_prog_category"(sys_prog_category_id,category_name,date_created,date_updated) VALUES('C','売上月次',current_timestamp,current_timestamp);
INSERT INTO "sys_prog_category"(sys_prog_category_id,category_name,date_created,date_updated) VALUES('D','入金・売掛管理',current_timestamp,current_timestamp);
INSERT INTO "sys_prog_category"(sys_prog_category_id,category_name,date_created,date_updated) VALUES('E','発注処理',current_timestamp,current_timestamp);
INSERT INTO "sys_prog_category"(sys_prog_category_id,category_name,date_created,date_updated) VALUES('F','仕入日次',current_timestamp,current_timestamp);
INSERT INTO "sys_prog_category"(sys_prog_category_id,category_name,date_created,date_updated) VALUES('G','仕入月次',current_timestamp,current_timestamp);
INSERT INTO "sys_prog_category"(sys_prog_category_id,category_name,date_created,date_updated) VALUES('H','支払・買掛管理',current_timestamp,current_timestamp);
INSERT INTO "sys_prog_category"(sys_prog_category_id,category_name,date_created,date_updated) VALUES('I','在庫管理',current_timestamp,current_timestamp);
INSERT INTO "sys_prog_category"(sys_prog_category_id,category_name,date_created,date_updated) VALUES('J','メンテナンス処理',current_timestamp,current_timestamp);
INSERT INTO "sys_prog_category"(sys_prog_category_id,category_name,date_created,date_updated) VALUES('K','導入設定',current_timestamp,current_timestamp);
INSERT INTO "sys_prog_category"(sys_prog_category_id,category_name,date_created,date_updated) VALUES('L','随時処理',current_timestamp,current_timestamp);

INSERT INTO "sys_prog"(sys_prog_id,sys_prog_category_id,menu_sequence,program_name,program_text,date_created,date_updated) VALUES('AQOT01','A',1,'constructionproperty','工事？物件？一覧／登録',current_timestamp,current_timestamp);
INSERT INTO "sys_prog"(sys_prog_id,sys_prog_category_id,menu_sequence,program_name,program_text,date_created,date_updated) VALUES('AQOT02','A',2,'estimates','見積一覧／登録',current_timestamp,current_timestamp);
INSERT INTO "sys_prog"(sys_prog_id,sys_prog_category_id,menu_sequence,program_name,program_text,date_created,date_updated) VALUES('AQOT03','A',3,'purchases','売上仕入一覧',current_timestamp,current_timestamp);
INSERT INTO "sys_prog"(sys_prog_id,sys_prog_category_id,menu_sequence,program_name,program_text,date_created,date_updated) VALUES('AQOT04','A',4,'estimatedsales','見積別売上仕入対比表',current_timestamp,current_timestamp);
INSERT INTO "sys_prog"(sys_prog_id,sys_prog_category_id,menu_sequence,program_name,program_text,date_created,date_updated) VALUES('AQOT05','A',5,'salespurchases','売上仕入各一覧',current_timestamp,current_timestamp);
INSERT INTO "sys_prog"(sys_prog_id,sys_prog_category_id,menu_sequence,program_name,program_text,date_created,date_updated) VALUES('AQOT06','A',6,'estimatesouput','見積書出力',current_timestamp,current_timestamp);
INSERT INTO "sys_prog"(sys_prog_id,sys_prog_category_id,menu_sequence,program_name,program_text,date_created,date_updated) VALUES('JMST01','J',1,'department','部門マスタメンテナンス',current_timestamp,current_timestamp);
INSERT INTO "sys_prog"(sys_prog_id,sys_prog_category_id,menu_sequence,program_name,program_text,date_created,date_updated) VALUES('JMST02','J',2,'officer','担当者マスタメンテナンス',current_timestamp,current_timestamp);
INSERT INTO "sys_prog"(sys_prog_id,sys_prog_category_id,menu_sequence,program_name,program_text,date_created,date_updated) VALUES('JMST03','J',3,'customer','得意先マスタメンテナンス',current_timestamp,current_timestamp);
INSERT INTO "sys_prog"(sys_prog_id,sys_prog_category_id,menu_sequence,program_name,program_text,date_created,date_updated) VALUES('JMST04','J',4,'supplier','納入先マスタメンテナンス',current_timestamp,current_timestamp);
INSERT INTO "sys_prog"(sys_prog_id,sys_prog_category_id,menu_sequence,program_name,program_text,date_created,date_updated) VALUES('JMST05','J',5,'suppliers','仕入先マスタメンテナンス',current_timestamp,current_timestamp);
INSERT INTO "sys_prog"(sys_prog_id,sys_prog_category_id,menu_sequence,program_name,program_text,date_created,date_updated) VALUES('JMST06','J',6,'productclassification','商品分類マスタメンテナンス',current_timestamp,current_timestamp);
INSERT INTO "sys_prog"(sys_prog_id,sys_prog_category_id,menu_sequence,program_name,program_text,date_created,date_updated) VALUES('JMST07','J',7,'product','商品マスタメンテナンス',current_timestamp,current_timestamp);
INSERT INTO "sys_prog"(sys_prog_id,sys_prog_category_id,menu_sequence,program_name,program_text,date_created,date_updated) VALUES('JMST08','J',8,'credit','単位マスタメンテナンス',current_timestamp,current_timestamp);
INSERT INTO "sys_prog"(sys_prog_id,sys_prog_category_id,menu_sequence,program_name,program_text,date_created,date_updated) VALUES('JMST09','J',9,'unitprice','単価マスタメンテナンス',current_timestamp,current_timestamp);
INSERT INTO "sys_prog"(sys_prog_id,sys_prog_category_id,menu_sequence,program_name,program_text,date_created,date_updated) VALUES('JMST10','J',10,'warehouse','倉庫マスタメンテナンス',current_timestamp,current_timestamp);
INSERT INTO "sys_prog"(sys_prog_id,sys_prog_category_id,menu_sequence,program_name,program_text,date_created,date_updated) VALUES('JMST11','J',11,'bank','銀行マスタメンテナンス',current_timestamp,current_timestamp);
INSERT INTO "sys_prog"(sys_prog_id,sys_prog_category_id,menu_sequence,program_name,program_text,date_created,date_updated) VALUES('JMST12','J',12,'postalcode','郵便番号マスタメンテナンス',current_timestamp,current_timestamp);
INSERT INTO "sys_prog"(sys_prog_id,sys_prog_category_id,menu_sequence,program_name,program_text,date_created,date_updated) VALUES('JMST13','J',13,'personelbudget','担当者予算設定',current_timestamp,current_timestamp);
INSERT INTO "sys_prog"(sys_prog_id,sys_prog_category_id,menu_sequence,program_name,program_text,date_created,date_updated) VALUES('JMST14','J',14,'madakimanai','得意先予担当者予算設定算設定',current_timestamp,current_timestamp);
INSERT INTO "sys_prog"(sys_prog_id,sys_prog_category_id,menu_sequence,program_name,program_text,date_created,date_updated) VALUES('JMST15','J',15,'manufacturer','メーカーマスタメンテナンス',current_timestamp,current_timestamp);
INSERT INTO "sys_prog"(sys_prog_id,sys_prog_category_id,menu_sequence,program_name,program_text,date_created,date_updated) VALUES('JMST16','J',16,'merchindiser','商品マスタ取込',current_timestamp,current_timestamp);
INSERT INTO "sys_prog"(sys_prog_id,sys_prog_category_id,menu_sequence,program_name,program_text,date_created,date_updated) VALUES('JMST17','J',17,'ratioclassification','掛率分類マスタメンテナンス',current_timestamp,current_timestamp);
INSERT INTO "sys_prog"(sys_prog_id,program_name,date_created,date_updated) VALUES('LOGIN','login',current_timestamp,current_timestamp);

INSERT INTO "mst_u_user"(mst_u_user_code,mst_u_username,username_kana,password,date_created,created_by,created_at,date_updated,updated_by,updated_at) VALUES('100','fujiko','佐藤 義則','$2a$11$QIcbPupGXdX13.XVrlPhFulFftJgk/mUuod6reJk9I4gCvOlvj0X6',current_timestamp,1,'AQOT01',current_timestamp,1,'AQOT01');
INSERT INTO "mst_u_user"(mst_u_user_code,mst_u_username,username_kana,password,date_created,created_by,created_at,date_updated,updated_by,updated_at) VALUES('101','佐藤 義則','ｻﾄｳﾖｼﾉﾘ','0101',current_timestamp,2,'AQOT01',current_timestamp,2,'AQOT01');

INSERT INTO "mst_role_prog"(mst_role_prog_id,authorized_user_id,date_created,created_by,created_at,date_updated,updated_by,updated_at) VALUES('AQOT01',2,current_timestamp,1,'AQOT01',current_timestamp,1,'AQOT01');
INSERT INTO "mst_role_prog"(mst_role_prog_id,authorized_user_id,date_created,created_by,created_at,date_updated,updated_by,updated_at) VALUES('AQOT03',2,current_timestamp,1,'AQOT01',current_timestamp,1,'AQOT01');
INSERT INTO "mst_role_prog"(mst_role_prog_id,authorized_user_id,date_created,created_by,created_at,date_updated,updated_by,updated_at) VALUES('AQOT06',2,current_timestamp,1,'AQOT01',current_timestamp,1,'AQOT01');
INSERT INTO "mst_role_prog"(mst_role_prog_id,authorized_user_id,date_created,created_by,created_at,date_updated,updated_by,updated_at) VALUES('JMST06',2,current_timestamp,1,'AQOT01',current_timestamp,1,'AQOT01');
INSERT INTO "mst_role_prog"(mst_role_prog_id,authorized_user_id,date_created,created_by,created_at,date_updated,updated_by,updated_at) VALUES('JMST13',2,current_timestamp,1,'AQOT01',current_timestamp,1,'AQOT01');
INSERT INTO "mst_role_prog"(mst_role_prog_id,authorized_user_id,date_created,created_by,created_at,date_updated,updated_by,updated_at) VALUES('JMST09',2,current_timestamp,1,'AQOT01',current_timestamp,1,'AQOT01');
INSERT INTO "mst_role_prog"(mst_role_prog_id,authorized_user_id,date_created,created_by,created_at,date_updated,updated_by,updated_at) VALUES('JMST01',2,current_timestamp,1,'AQOT01',current_timestamp,1,'AQOT01');

INSERT INTO "mst_role_prog"(mst_role_prog_id,authorized_user_id,date_created,created_by,created_at,date_updated,updated_by,updated_at) VALUES('AQOT01',1,current_timestamp,2,'AQOT01',current_timestamp,2,'AQOT01');
INSERT INTO "mst_role_prog"(mst_role_prog_id,authorized_user_id,date_created,created_by,created_at,date_updated,updated_by,updated_at) VALUES('AQOT02',1,current_timestamp,2,'AQOT01',current_timestamp,2,'AQOT01');
INSERT INTO "mst_role_prog"(mst_role_prog_id,authorized_user_id,date_created,created_by,created_at,date_updated,updated_by,updated_at) VALUES('AQOT03',1,current_timestamp,2,'AQOT01',current_timestamp,2,'AQOT01');
INSERT INTO "mst_role_prog"(mst_role_prog_id,authorized_user_id,date_created,created_by,created_at,date_updated,updated_by,updated_at) VALUES('AQOT04',1,current_timestamp,2,'AQOT01',current_timestamp,2,'AQOT01');
INSERT INTO "mst_role_prog"(mst_role_prog_id,authorized_user_id,date_created,created_by,created_at,date_updated,updated_by,updated_at) VALUES('AQOT05',1,current_timestamp,2,'AQOT01',current_timestamp,2,'AQOT01');
INSERT INTO "mst_role_prog"(mst_role_prog_id,authorized_user_id,date_created,created_by,created_at,date_updated,updated_by,updated_at) VALUES('AQOT06',1,current_timestamp,2,'AQOT01',current_timestamp,2,'AQOT01');
INSERT INTO "mst_role_prog"(mst_role_prog_id,authorized_user_id,date_created,created_by,created_at,date_updated,updated_by,updated_at) VALUES('JMST01',1,current_timestamp,2,'AQOT01',current_timestamp,2,'AQOT01');
INSERT INTO "mst_role_prog"(mst_role_prog_id,authorized_user_id,date_created,created_by,created_at,date_updated,updated_by,updated_at) VALUES('JMST02',1,current_timestamp,2,'AQOT01',current_timestamp,2,'AQOT01');
INSERT INTO "mst_role_prog"(mst_role_prog_id,authorized_user_id,date_created,created_by,created_at,date_updated,updated_by,updated_at) VALUES('JMST03',1,current_timestamp,2,'AQOT01',current_timestamp,2,'AQOT01');
INSERT INTO "mst_role_prog"(mst_role_prog_id,authorized_user_id,date_created,created_by,created_at,date_updated,updated_by,updated_at) VALUES('JMST04',1,current_timestamp,2,'AQOT01',current_timestamp,2,'AQOT01');
INSERT INTO "mst_role_prog"(mst_role_prog_id,authorized_user_id,date_created,created_by,created_at,date_updated,updated_by,updated_at) VALUES('JMST05',1,current_timestamp,2,'AQOT01',current_timestamp,2,'AQOT01');
INSERT INTO "mst_role_prog"(mst_role_prog_id,authorized_user_id,date_created,created_by,created_at,date_updated,updated_by,updated_at) VALUES('JMST06',1,current_timestamp,2,'AQOT01',current_timestamp,2,'AQOT01');
INSERT INTO "mst_role_prog"(mst_role_prog_id,authorized_user_id,date_created,created_by,created_at,date_updated,updated_by,updated_at) VALUES('JMST07',1,current_timestamp,2,'AQOT01',current_timestamp,2,'AQOT01');
INSERT INTO "mst_role_prog"(mst_role_prog_id,authorized_user_id,date_created,created_by,created_at,date_updated,updated_by,updated_at) VALUES('JMST08',1,current_timestamp,2,'AQOT01',current_timestamp,2,'AQOT01');
INSERT INTO "mst_role_prog"(mst_role_prog_id,authorized_user_id,date_created,created_by,created_at,date_updated,updated_by,updated_at) VALUES('JMST09',1,current_timestamp,2,'AQOT01',current_timestamp,2,'AQOT01');
INSERT INTO "mst_role_prog"(mst_role_prog_id,authorized_user_id,date_created,created_by,created_at,date_updated,updated_by,updated_at) VALUES('JMST10',1,current_timestamp,2,'AQOT01',current_timestamp,2,'AQOT01');
INSERT INTO "mst_role_prog"(mst_role_prog_id,authorized_user_id,date_created,created_by,created_at,date_updated,updated_by,updated_at) VALUES('JMST11',1,current_timestamp,2,'AQOT01',current_timestamp,2,'AQOT01');
INSERT INTO "mst_role_prog"(mst_role_prog_id,authorized_user_id,date_created,created_by,created_at,date_updated,updated_by,updated_at) VALUES('JMST12',1,current_timestamp,2,'AQOT01',current_timestamp,2,'AQOT01');
INSERT INTO "mst_role_prog"(mst_role_prog_id,authorized_user_id,date_created,created_by,created_at,date_updated,updated_by,updated_at) VALUES('JMST13',1,current_timestamp,2,'AQOT01',current_timestamp,2,'AQOT01');
INSERT INTO "mst_role_prog"(mst_role_prog_id,authorized_user_id,date_created,created_by,created_at,date_updated,updated_by,updated_at) VALUES('JMST14',1,current_timestamp,2,'AQOT01',current_timestamp,2,'AQOT01');
INSERT INTO "mst_role_prog"(mst_role_prog_id,authorized_user_id,date_created,created_by,created_at,date_updated,updated_by,updated_at) VALUES('JMST15',1,current_timestamp,2,'AQOT01',current_timestamp,2,'AQOT01');
INSERT INTO "mst_role_prog"(mst_role_prog_id,authorized_user_id,date_created,created_by,created_at,date_updated,updated_by,updated_at) VALUES('JMST16',1,current_timestamp,2,'AQOT01',current_timestamp,2,'AQOT01');
INSERT INTO "mst_role_prog"(mst_role_prog_id,authorized_user_id,date_created,created_by,created_at,date_updated,updated_by,updated_at) VALUES('JMST17',1,current_timestamp,2,'AQOT01',current_timestamp,2,'AQOT01');

INSERT INTO "sys_prog_command"(sys_prog_id,prog_command_name,prog_command_key,prog_command_key_code,date_created,created_by,created_at,date_updated,updated_by,updated_at) VALUES('JMST01','取消','F2','113',current_timestamp,1,'AQOT01',current_timestamp,1,'AQOT01');
INSERT INTO "sys_prog_command"(sys_prog_id,prog_command_name,prog_command_key,prog_command_key_code,date_created,created_by,created_at,date_updated,updated_by,updated_at) VALUES('JMST01','削除','F3','114',current_timestamp,1,'AQOT01',current_timestamp,1,'AQOT01');
INSERT INTO "sys_prog_command"(sys_prog_id,prog_command_name,prog_command_key,prog_command_key_code,date_created,created_by,created_at,date_updated,updated_by,updated_at) VALUES('JMST01','新規登録','F4','115',current_timestamp,1,'AQOT01',current_timestamp,1,'AQOT01');
INSERT INTO "sys_prog_command"(sys_prog_id,prog_command_name,prog_command_key,prog_command_key_code,date_created,created_by,created_at,date_updated,updated_by,updated_at) VALUES('JMST01','日付','F6','117',current_timestamp,1,'AQOT01',current_timestamp,1,'AQOT01');
INSERT INTO "sys_prog_command"(sys_prog_id,prog_command_name,prog_command_key,prog_command_key_code,date_created,created_by,created_at,date_updated,updated_by,updated_at) VALUES('JMST01','リスト','F8','119',current_timestamp,1,'AQOT01',current_timestamp,1,'AQOT01');
INSERT INTO "sys_prog_command"(sys_prog_id,prog_command_name,prog_command_key,prog_command_key_code,date_created,created_by,created_at,date_updated,updated_by,updated_at) VALUES('JMST01','上部門','F9','120',current_timestamp,1,'AQOT01',current_timestamp,1,'AQOT01');
INSERT INTO "sys_prog_command"(sys_prog_id,prog_command_name,prog_command_key,prog_command_key_code,date_created,created_by,created_at,date_updated,updated_by,updated_at) VALUES('JMST01','下部門','F10','121',current_timestamp,1,'AQOT01',current_timestamp,1,'AQOT01');
INSERT INTO "sys_prog_command"(sys_prog_id,prog_command_name,prog_command_key,prog_command_key_code,date_created,created_by,created_at,date_updated,updated_by,updated_at) VALUES('JMST01','メニュ','F12','123',current_timestamp,1,'AQOT01',current_timestamp,1,'AQOT01');
INSERT INTO "sys_prog_command"(sys_prog_id,prog_command_name,prog_command_key,prog_command_key_code,date_created,created_by,created_at,date_updated,updated_by,updated_at) VALUES('JMST01','test','F1','123',current_timestamp,1,'AQOT01',current_timestamp,1,'AQOT01');
INSERT INTO "sys_prog_command"(sys_prog_id,prog_command_name,prog_command_key,prog_command_key_code,date_created,created_by,created_at,date_updated,updated_by,updated_at) VALUES('JMST06','test2','F13','123',current_timestamp,1,'AQOT01',current_timestamp,1,'AQOT01');
INSERT INTO "sys_prog_command"(sys_prog_id,prog_command_name,prog_command_key,prog_command_key_code,date_created,created_by,created_at,date_updated,updated_by,updated_at) VALUES('JMST13','test3','F14','123',current_timestamp,1,'AQOT01',current_timestamp,1,'AQOT01');
INSERT INTO "sys_prog_command"(sys_prog_id,prog_command_name,prog_command_key,prog_command_key_code,date_created,created_by,created_at,date_updated,updated_by,updated_at) VALUES('JMST09','test4','F15','124',current_timestamp,1,'AQOT01',current_timestamp,1,'AQOT01');

INSERT INTO "mst_role_prog_command"(mst_role_prog_command_id,mst_role_prog_command_progid,authorized_user_id,date_created,created_by,created_at,date_updated,updated_by,updated_at) VALUES(1,'JMST01',1,current_timestamp,1,'AQOT01',current_timestamp,1,'AQOT01');
INSERT INTO "mst_role_prog_command"(mst_role_prog_command_id,mst_role_prog_command_progid,authorized_user_id,date_created,created_by,created_at,date_updated,updated_by,updated_at) VALUES(2,'JMST01',1,current_timestamp,1,'AQOT01',current_timestamp,1,'AQOT01');
INSERT INTO "mst_role_prog_command"(mst_role_prog_command_id,mst_role_prog_command_progid,authorized_user_id,date_created,created_by,created_at,date_updated,updated_by,updated_at) VALUES(3,'JMST01',1,current_timestamp,1,'AQOT01',current_timestamp,1,'AQOT01');
INSERT INTO "mst_role_prog_command"(mst_role_prog_command_id,mst_role_prog_command_progid,authorized_user_id,date_created,created_by,created_at,date_updated,updated_by,updated_at) VALUES(4,'JMST01',1,current_timestamp,1,'AQOT01',current_timestamp,1,'AQOT01');
INSERT INTO "mst_role_prog_command"(mst_role_prog_command_id,mst_role_prog_command_progid,authorized_user_id,date_created,created_by,created_at,date_updated,updated_by,updated_at) VALUES(5,'JMST01',1,current_timestamp,1,'AQOT01',current_timestamp,1,'AQOT01');
INSERT INTO "mst_role_prog_command"(mst_role_prog_command_id,mst_role_prog_command_progid,authorized_user_id,date_created,created_by,created_at,date_updated,updated_by,updated_at) VALUES(6,'JMST01',1,current_timestamp,1,'AQOT01',current_timestamp,1,'AQOT01');
INSERT INTO "mst_role_prog_command"(mst_role_prog_command_id,mst_role_prog_command_progid,authorized_user_id,date_created,created_by,created_at,date_updated,updated_by,updated_at) VALUES(7,'JMST01',1,current_timestamp,1,'AQOT01',current_timestamp,1,'AQOT01');
INSERT INTO "mst_role_prog_command"(mst_role_prog_command_id,mst_role_prog_command_progid,authorized_user_id,date_created,created_by,created_at,date_updated,updated_by,updated_at) VALUES(8,'JMST01',1,current_timestamp,1,'AQOT01',current_timestamp,1,'AQOT01');
INSERT INTO "mst_role_prog_command"(mst_role_prog_command_id,mst_role_prog_command_progid,authorized_user_id,date_created,created_by,created_at,date_updated,updated_by,updated_at) VALUES(1,'JMST01',2,current_timestamp,1,'AQOT01',current_timestamp,1,'AQOT01');
INSERT INTO "mst_role_prog_command"(mst_role_prog_command_id,mst_role_prog_command_progid,authorized_user_id,date_created,created_by,created_at,date_updated,updated_by,updated_at) VALUES(10,'JMST06',2,current_timestamp,1,'AQOT01',current_timestamp,1,'AQOT01');
INSERT INTO "mst_role_prog_command"(mst_role_prog_command_id,mst_role_prog_command_progid,authorized_user_id,date_created,created_by,created_at,date_updated,updated_by,updated_at) VALUES(11,'JMST13',2,current_timestamp,1,'AQOT01',current_timestamp,1,'AQOT01');

INSERT INTO "mst_mymenu"(mst_mymenu_prog_id,authorized_user_id,menu_sequence,date_created,created_by,created_at,date_updated,updated_by,updated_at) VALUES('JMST10',1,1,current_timestamp,1,'AQOT01',current_timestamp,1,'AQOT01');
INSERT INTO "mst_mymenu"(mst_mymenu_prog_id,authorized_user_id,menu_sequence,date_created,created_by,created_at,date_updated,updated_by,updated_at) VALUES('JMST11',1,4,current_timestamp,1,'AQOT01',current_timestamp,1,'AQOT01');
INSERT INTO "mst_mymenu"(mst_mymenu_prog_id,authorized_user_id,menu_sequence,date_created,created_by,created_at,date_updated,updated_by,updated_at) VALUES('JMST17',1,7,current_timestamp,1,'AQOT01',current_timestamp,1,'AQOT01');
INSERT INTO "mst_mymenu"(mst_mymenu_prog_id,authorized_user_id,menu_sequence,date_created,created_by,created_at,date_updated,updated_by,updated_at) VALUES('JMST08',1,12,current_timestamp,1,'AQOT01',current_timestamp,1,'AQOT01');

INSERT INTO "mst_u_branch"(mst_u_branch_cd,mst_u_branch_name,branch_name_kana,branch_shortname,branch_sales_flg,branch_order,branch_postalcode,branch_address1,branch_address2,branch_telno,branch_faxno,mst_u_branch_warehouse_id,date_created,created_by,created_at,date_updated,updated_by,updated_at) VALUES('1000','大阪起点','おおさか','saka',1,1,'231321','kansai','kansai','222-222','222-222',1,current_timestamp,2,'AQOT01',current_timestamp,2,'AQOT01');
INSERT INTO "mst_u_branch"(mst_u_branch_cd,mst_u_branch_name,branch_name_kana,branch_shortname,branch_sales_flg,branch_order,branch_postalcode,branch_address1,branch_address2,branch_telno,branch_faxno,mst_u_branch_warehouse_id,date_created,created_by,created_at,date_updated,updated_by,updated_at) VALUES('1001','東京','とうきょう','tokyo',1,1,'231321','shibuya','shibuya','222-222','222-222',1,current_timestamp,2,'AQOT01',current_timestamp,2,'AQOT01');
INSERT INTO "mst_u_branch"(mst_u_branch_cd,mst_u_branch_name,branch_name_kana,branch_shortname,branch_sales_flg,branch_order,branch_postalcode,branch_address1,branch_address2,branch_telno,branch_faxno,mst_u_branch_warehouse_id,date_created,created_by,created_at,date_updated,updated_by,updated_at) VALUES('1002','広島','ひろしま','hiroshima',1,1,'231321','akihabara','akihabara','222-222','222-222',1,current_timestamp,2,'AQOT01',current_timestamp,2,'AQOT01');

INSERT INTO "mst_u_department"(mst_u_dept_cd,mst_u_dept_branch_id,mst_u_parent_dept_id,dept_name,dept_name_kana,dept_shortname,dept_sales_flg,dept_order,dept_postalcode,dept_address1,dept_address2,dept_telno,date_created,created_by,created_at,date_updated,updated_by,updated_at) VALUES('2000',1,null,'IT department','IT department','IT dept',1,1,'postal','add1','add2','telno',current_timestamp,2,'AQOT01',current_timestamp,2,'AQOT01');
INSERT INTO "mst_u_department"(mst_u_dept_cd,mst_u_dept_branch_id,mst_u_parent_dept_id,dept_name,dept_name_kana,dept_shortname,dept_sales_flg,dept_order,dept_postalcode,dept_address1,dept_address2,dept_telno,date_created,created_by,created_at,date_updated,updated_by,updated_at) VALUES('2001',1,1,'dev department','dev department','dev dept',1,2,'postal','add1','add2','telno',current_timestamp,2,'AQOT01',current_timestamp,2,'AQOT01');
INSERT INTO "mst_u_department"(mst_u_dept_cd,mst_u_dept_branch_id,mst_u_parent_dept_id,dept_name,dept_name_kana,dept_shortname,dept_sales_flg,dept_order,dept_postalcode,dept_address1,dept_address2,dept_telno,date_created,created_by,created_at,date_updated,updated_by,updated_at) VALUES('2001',1,1,'designer department','designer department','designer dept',1,2,'postal','add1','add2','telno',current_timestamp,2,'AQOT01',current_timestamp,2,'AQOT01');
INSERT INTO "mst_u_department"(mst_u_dept_cd,mst_u_dept_branch_id,mst_u_parent_dept_id,dept_name,dept_name_kana,dept_shortname,dept_sales_flg,dept_order,dept_postalcode,dept_address1,dept_address2,dept_telno,date_created,created_by,created_at,date_updated,updated_by,updated_at) VALUES('2002',1,null,'Accounting department','Accounting department','Accounting dept',1,3,'postal','add1','add2','telno',current_timestamp,2,'AQOT01',current_timestamp,2,'AQOT01');

INSERT INTO "mst_u_product_classification"(mst_u_prod_class_id,code,name,is_end,date_created,created_by,created_at,date_updated,updated_by,updated_at) VALUES(1, 'CO1', 'Computer', 1, current_timestamp, 101, 'AQOT01', current_timestamp, 1, 'AQOT01');
INSERT INTO "mst_u_product_classification"(mst_u_prod_class_id,code,name,is_end,date_created,created_by,created_at,date_updated,updated_by,updated_at) VALUES(2, 'SPK01', 'Speaker', 1, current_timestamp, 101, 'AQOT01', current_timestamp, 1, 'AQOT01');
INSERT INTO "mst_u_product_classification"(mst_u_prod_class_id,code,name,is_end,date_created,created_by,created_at,date_updated,updated_by,updated_at) VALUES(3, 'PRNTR', 'Printer', 1, current_timestamp, 101, 'AQOT01', current_timestamp, 1, 'AQOT01');
INSERT INTO "mst_u_product_classification_item"(mst_u_prod_class_item_id,mst_u_prod_class_id,code,name,date_created,created_by,created_at,date_updated,updated_by,updated_at) VALUES(1, 1, 'LN', 'Lenovo', current_timestamp, 101, 'AQOT01', current_timestamp, 1, 'AQOT01');
INSERT INTO "mst_u_product_classification_item"(mst_u_prod_class_item_id,mst_u_prod_class_id,code,name,date_created,created_by,created_at,date_updated,updated_by,updated_at) VALUES(2, 1, 'TSB', 'Toshiba', current_timestamp, 101, 'AQOT01', current_timestamp, 1, 'AQOT01');
INSERT INTO "mst_u_product_classification_item"(mst_u_prod_class_item_id,mst_u_prod_class_id,code,name,date_created,created_by,created_at,date_updated,updated_by,updated_at) VALUES(3, 1, 'SNY', 'Sony', current_timestamp, 101, 'AQOT01', current_timestamp, 1, 'AQOT01');
INSERT INTO "mst_u_product_classification_item"(mst_u_prod_class_item_id,mst_u_prod_class_id,code,name,date_created,created_by,created_at,date_updated,updated_by,updated_at) VALUES(4, 1, 'SM', 'Samsung', current_timestamp, 101, 'AQOT01', current_timestamp, 1, 'AQOT01');
INSERT INTO "mst_u_product_classification_item"(mst_u_prod_class_item_id,mst_u_prod_class_id,code,name,date_created,created_by,created_at,date_updated,updated_by,updated_at) VALUES(5, 1, 'HP', 'HP', current_timestamp, 101, 'AQOT01', current_timestamp, 1, 'AQOT01');
INSERT INTO "mst_u_product_classification_item"(mst_u_prod_class_item_id,mst_u_prod_class_id,code,name,date_created,created_by,created_at,date_updated,updated_by,updated_at) VALUES(6, 1, 'ACR', 'Acer', current_timestamp, 101, 'AQOT01', current_timestamp, 1, 'AQOT01');
INSERT INTO "mst_u_product_classification_item"(mst_u_prod_class_item_id,mst_u_prod_class_id,code,name,date_created,created_by,created_at,date_updated,updated_by,updated_at) VALUES(7, 1, 'AS', 'Asus', current_timestamp, 101, 'AQOT01', current_timestamp, 1, 'AQOT01');
INSERT INTO "mst_u_product_classification_item"(mst_u_prod_class_item_id,mst_u_prod_class_id,code,name,date_created,created_by,created_at,date_updated,updated_by,updated_at) VALUES(8, 2, 'LG', 'LG Speaker', current_timestamp, 101, 'AQOT01', current_timestamp, 1, 'AQOT01');